[{"model": "recipes.category", "pk": 1, "fields": {"name": "Appetizer", "name_plural": "Appetizers", "slug": "appetizers", "ordinal": 1}}, {"model": "recipes.category", "pk": 2, "fields": {"name": "Pizza", "name_plural": "Pizza", "slug": "pizza", "ordinal": 2}}, {"model": "recipes.category", "pk": 3, "fields": {"name": "Sauce", "name_plural": "Sauces", "slug": "sauce", "ordinal": 3}}, {"model": "recipes.category", "pk": 4, "fields": {"name": "Dessert", "name_plural": "Desserts", "slug": "dessert", "ordinal": 4}}, {"model": "recipes.recipe", "pk": 1, "fields": {"title": "Three Cheese Hot Artichoke Dip", "slug": "artichoke-dip", "description": "This is a Paula Deen recipe, and as such it's as delicious as it is unhealthy.", "prep_time": "00:10:00", "wait_time": null, "cook_time": "00:30:00", "yields": "3 to 4 servings", "category": 1}}, {"model": "recipes.recipe", "pk": 2, "fields": {"title": "Neapolitan Pizza Dough", "slug": "neapolitan-pizza-dough", "description": "A classic Neapolitan pizza dough that uses high-quality ingredients and a long fermentation period to develop a soft, delicious crust when baked at high temperatures.", "prep_time": "00:15:00", "wait_time": "2 00:00:00", "cook_time": null, "yields": "6 crusts", "category": 2}}, {"model": "recipes.recipe", "pk": 3, "fields": {"title": "Basil Pesto", "slug": "basil-pesto", "description": "A fresh-tasting sauce made from basil leaves that goes well with pasta, bread, tomatoes, and seafood.", "prep_time": "00:10:00", "wait_time": null, "cook_time": null, "yields": "1 pint", "category": 3}}, {"model": "recipes.recipe", "pk": 4, "fields": {"title": "Brownie Cookies", "slug": "brownie-cookies", "description": "A small-batch recipe for gluten-free (but not sugar-free!) chocolate brownie cookies.", "prep_time": "00:10:00", "wait_time": null, "cook_time": "00:17:00", "yields": "10-12 cookies", "category": 4}}, {"model": "recipes.ingredient", "pk": 1, "fields": {"recipe": 1, "quantity": 8.0, "unit": "ounces", "food": "cream cheese (softened)"}}, {"model": "recipes.ingredient", "pk": 2, "fields": {"recipe": 1, "quantity": 2.0, "unit": "cups", "food": "mayonnaise"}}, {"model": "recipes.ingredient", "pk": 3, "fields": {"recipe": 1, "quantity": 1.0, "unit": "can", "food": "artichoke hearts"}}, {"model": "recipes.ingredient", "pk": 4, "fields": {"recipe": 1, "quantity": 2.0, "unit": "", "food": "green onions"}}, {"model": "recipes.ingredient", "pk": 5, "fields": {"recipe": 1, "quantity": 0.5, "unit": "cup", "food": "Parmesan (grated)"}}, {"model": "recipes.ingredient", "pk": 6, "fields": {"recipe": 1, "quantity": 1.0, "unit": "cup", "food": "mozzarella (shredded)"}}, {"model": "recipes.ingredient", "pk": 7, "fields": {"recipe": 1, "quantity": 1.0, "unit": "teaspoon", "food": "hot sauce"}}, {"model": "recipes.ingredient", "pk": 8, "fields": {"recipe": 1, "quantity": 1.0, "unit": "teaspoon", "food": "Worcestershire sauce"}}, {"model": "recipes.ingredient", "pk": 9, "fields": {"recipe": 2, "quantity": 1000.0, "unit": "grams", "food": "Caputo \"00\" flour"}}, {"model": "recipes.ingredient", "pk": 10, "fields": {"recipe": 2, "quantity": 650.0, "unit": "grams", "food": "water (85-90\u00b0F)"}}, {"model": "recipes.ingredient", "pk": 11, "fields": {"recipe": 2, "quantity": 20.0, "unit": "grams", "food": "fine sea salt"}}, {"model": "recipes.ingredient", "pk": 12, "fields": {"recipe": 2, "quantity": 0.25, "unit": "teaspoon", "food": "active dry yeast"}}, {"model": "recipes.ingredient", "pk": 13, "fields": {"recipe": 3, "quantity": 3.0, "unit": "ounces", "food": "fresh basil leaves"}}, {"model": "recipes.ingredient", "pk": 14, "fields": {"recipe": 3, "quantity": 2.0, "unit": "ounces", "food": "Parmesan (grated)"}}, {"model": "recipes.ingredient", "pk": 15, "fields": {"recipe": 3, "quantity": 3.0, "unit": "ounces", "food": "pine nuts (toasted)"}}, {"model": "recipes.ingredient", "pk": 16, "fields": {"recipe": 3, "quantity": 0.5, "unit": "cups", "food": "olive oil"}}, {"model": "recipes.ingredient", "pk": 17, "fields": {"recipe": 3, "quantity": 1.0, "unit": "teaspoon", "food": "lemon zest"}}, {"model": "recipes.ingredient", "pk": 18, "fields": {"recipe": 3, "quantity": 1.0, "unit": "clove", "food": "garlic"}}, {"model": "recipes.ingredient", "pk": 19, "fields": {"recipe": 4, "quantity": 100.0, "unit": "grams", "food": "powdered sugar"}}, {"model": "recipes.ingredient", "pk": 20, "fields": {"recipe": 4, "quantity": 37.0, "unit": "grams", "food": "unsweetened cocoa powder"}}, {"model": "recipes.ingredient", "pk": 21, "fields": {"recipe": 4, "quantity": 2.0, "unit": "", "food": "large egg whites"}}, {"model": "recipes.ingredient", "pk": 22, "fields": {"recipe": 4, "quantity": 0.25, "unit": "teaspoon", "food": "vanilla extract"}}, {"model": "recipes.ingredient", "pk": 23, "fields": {"recipe": 4, "quantity": 0.125, "unit": "teaspoon", "food": "salt"}}, {"model": "recipes.ingredient", "pk": 24, "fields": {"recipe": 4, "quantity": 3.0, "unit": "tablespoons", "food": "chocolate chips"}}, {"model": "recipes.direction", "pk": 1, "fields": {"recipe": 1, "text": "Preheat oven to 350\u00b0F.", "ordinal": 1}}, {"model": "recipes.direction", "pk": 2, "fields": {"recipe": 1, "text": "Drain and chop the artichoke hearts.", "ordinal": 2}}, {"model": "recipes.direction", "pk": 3, "fields": {"recipe": 1, "text": "In a large mixing bowl, beat the cream cheese with an electric hand mixer until smooth.", "ordinal": 3}}, {"model": "recipes.direction", "pk": 4, "fields": {"recipe": 1, "text": "Add the mayonnaise and beat until smooth.", "ordinal": 4}}, {"model": "recipes.direction", "pk": 5, "fields": {"recipe": 1, "text": "Add the remaining ingredients and stir to combine.", "ordinal": 5}}, {"model": "recipes.direction", "pk": 6, "fields": {"recipe": 1, "text": "Transfer the dip to a pie plate or shallow gratin dish.", "ordinal": 6}}, {"model": "recipes.direction", "pk": 7, "fields": {"recipe": 1, "text": "Bake for 30 minutes or until the top is golden brown and the dip is bubbling.", "ordinal": 7}}, {"model": "recipes.direction", "pk": 8, "fields": {"recipe": 2, "text": "Dissolve the yeast in the warm water and let sit for five minutes.", "ordinal": 1}}, {"model": "recipes.direction", "pk": 9, "fields": {"recipe": 2, "text": "Add the water to the flour in a stand mixer bowl and combine roughly by hand.", "ordinal": 2}}, {"model": "recipes.direction", "pk": 10, "fields": {"recipe": 2, "text": "Using a spiral dough hook, mix the flour and water in the stand mixer for five to ten minutes, gradually adding the salt as the dough homogenizes.", "ordinal": 3}}, {"model": "recipes.direction", "pk": 11, "fields": {"recipe": 2, "text": "When the dough is mixed, remove it from the bowl and shape it into a large ball. Drizzle olive oil over the dough ball and rub it gently over the surface.", "ordinal": 4}}, {"model": "recipes.direction", "pk": 12, "fields": {"recipe": 2, "text": "Place the dough ball in a 12 quart clear plastic tub with a lid and let rise at room temperature for twelve hours or until tripled in size.", "ordinal": 5}}, {"model": "recipes.direction", "pk": 13, "fields": {"recipe": 2, "text": "Gently remove the dough from the plastic tub onto a clean working surface, taking care not to compress the dough. Using a dough knife, cut the dough into six equal-sized pieces.", "ordinal": 6}}, {"model": "recipes.direction", "pk": 14, "fields": {"recipe": 2, "text": "Shape each piece into a tight ball. Coat the dough balls with flour and place in a plastic bag or airtight container. Let rise in the refrigerator for 24 to 48 hours.", "ordinal": 7}}, {"model": "recipes.direction", "pk": 15, "fields": {"recipe": 2, "text": "Remove the dough from the refrigerator two hours before baking.", "ordinal": 8}}, {"model": "recipes.direction", "pk": 16, "fields": {"recipe": 2, "text": "To shape the crust, generously flour both sides of a dough ball and place on a floured wooden pizza peel. Taking care not to disturb the outer edge or overstretch the center of the dough, gently stretch the dough apart with both hands, then rotate and repeat.", "ordinal": 9}}, {"model": "recipes.direction", "pk": 17, "fields": {"recipe": 3, "text": "Bring a large pot of water to a vigorous boil, then blanche the basil leaves for thirty seconds. Immediately transfer them to a bowl of ice water.", "ordinal": 1}}, {"model": "recipes.direction", "pk": 18, "fields": {"recipe": 3, "text": "Squeeze the basil leaves dry using paper towels, then combine all the ingredients in a food processor and blend on high speed until desired consistency is reached.", "ordinal": 2}}, {"model": "recipes.direction", "pk": 19, "fields": {"recipe": 4, "text": "Preheat oven to 350\u00b0F.", "ordinal": 1}}, {"model": "recipes.direction", "pk": 20, "fields": {"recipe": 4, "text": "In a medium bowl, whisk together the powdered sugar, cocoa powder, and salt until combined. Make sure no clumps remain.", "ordinal": 2}}, {"model": "recipes.direction", "pk": 21, "fields": {"recipe": 4, "text": "In another medium bowl, using an electric hand mixer on high speed, beat the egg whites and vanilla together until soft peaks form.", "ordinal": 3}}, {"model": "recipes.direction", "pk": 22, "fields": {"recipe": 4, "text": "One half at a time, pour the solid mixture into the egg whites and gently fold together until moistened and incorporated, taking care not to overmix.", "ordinal": 4}}, {"model": "recipes.direction", "pk": 23, "fields": {"recipe": 4, "text": "Gently mix in the chocolate chips.", "ordinal": 5}}, {"model": "recipes.direction", "pk": 24, "fields": {"recipe": 4, "text": "Spoon the batter in ten to twelve equal sized portions onto a cookie sheet lined with parchment paper.", "ordinal": 6}}, {"model": "recipes.direction", "pk": 25, "fields": {"recipe": 4, "text": "Bake for 17 minutes or until the tops of the cookies are dry and the edges have just begun to crack.", "ordinal": 7}}, {"model": "recipes.direction", "pk": 26, "fields": {"recipe": 4, "text": "Remove from oven and let cool on the cookie sheet for five minutes, then transfer to a cooling rack.", "ordinal": 8}}]